game,iteration,loss,reward,cumulative_reward,lives_left
1,32,0.00022801229426081958,0.0,0.0,3
1,33,0.00022791983359198508,0.0,0.0,3
1,34,0.0002277270094728448,0.0,0.0,3
1,35,0.00022747608429971088,0.0,0.0,3
1,36,0.00022725790365187837,0.0,0.0,3
1,37,0.00022683447181548995,0.0,0.0,3
1,38,0.00022655699627152753,0.0,0.0,3
1,39,0.00022609629245192475,0.0,0.0,3
1,40,0.00022551990006357874,0.0,0.0,3
1,41,0.00022509951505677399,0.0,0.0,3
1,42,0.00022452948483026895,0.0,0.0,3
1,43,0.0002239983313977342,0.0,0.0,3
1,44,0.00022104715666800334,0.0,0.0,3
1,45,0.00022045146708785413,0.0,0.0,3
1,46,0.0002184368508528284,0.0,0.0,3
1,47,0.000216953242798225,0.0,0.0,3
1,48,0.00021433511306971682,0.0,0.0,3
1,49,0.00021539389910227367,0.0,0.0,3
1,50,0.00020835634556704672,0.0,0.0,3
1,51,0.00021149991790720218,0.0,0.0,3
1,52,0.00021369709351838498,0.0,5.0,3
1,53,0.7844467694790785,0.0,5.0,3
1,54,0.7844668244777896,0.0,5.0,3
1,55,0.00022030036210411694,0.0,5.0,3
1,56,0.7845448246304213,0.0,5.0,3
1,57,0.00023073934701408084,0.0,5.0,3
1,58,0.7846518867345815,0.0,5.0,3
1,59,0.7847213089075248,0.0,5.0,3
1,60,0.00025919479269257,0.0,5.0,3
1,61,0.784895248296405,0.0,5.0,3
1,62,0.0002796931684265264,0.0,5.0,3
1,63,0.7850765207031167,0.0,5.0,3
1,64,0.39268354044449455,0.0,5.0,3
1,65,0.39284673930281905,0.0,5.0,3
1,66,0.7855132487378461,0.0,5.0,3
1,67,0.39311259161819484,0.0,5.0,3
1,68,0.3932115897975513,0.0,5.0,3
1,69,0.000477455838587298,0.0,5.0,3
1,70,0.3934083715200021,0.0,5.0,3
1,71,0.3935338283046831,0.0,5.0,3
1,72,0.0005711785510277106,0.0,5.0,3
1,73,0.0005903612396150597,0.0,5.0,3
1,74,0.0006235474727286098,0.0,5.0,3
1,75,0.7872722698666982,0.0,5.0,3
1,76,0.0006643503017922648,0.0,5.0,3
1,77,0.0006998178661110898,0.0,5.0,3
1,78,0.0007228841904483816,0.0,5.0,3
1,79,0.7876471104487285,0.0,5.0,3
1,80,0.39422339743316975,0.0,5.0,3
1,81,0.00077775088418301,0.0,5.0,3
1,82,0.0008115489796966609,0.0,5.0,3
1,83,0.39442988928688555,0.0,5.0,3
1,84,0.39448143813810377,0.0,5.0,3
1,85,0.7882831172818342,0.0,5.0,3
1,86,0.7883702020568403,0.0,5.0,3
1,87,0.7884701839307701,0.0,5.0,3
1,88,0.7885783564532421,0.0,5.0,3
1,89,0.7886363951547044,0.0,5.0,3
1,90,0.0010449748298785658,0.0,5.0,3
1,91,0.7892562437635277,0.0,5.0,3
1,92,0.0011376930361167508,0.0,5.0,3
1,93,0.3952933035874792,0.0,5.0,3
1,94,0.0012176005962852181,0.0,5.0,3
1,95,0.0012375821729583814,0.0,5.0,3
1,96,0.5270237276750663,0.0,5.0,3
1,97,0.7902432601838553,0.0,5.0,3
1,98,0.7904931780125688,0.0,5.0,3
1,99,0.7908230841979159,0.0,5.0,3
1,100,0.7908455776351659,0.0,5.0,3
1,101,0.26489945503871787,0.0,5.0,3
1,102,0.0018775105814780643,0.0,5.0,3
1,103,0.001936681829266069,0.0,5.0,3
1,104,0.0020215106951912668,0.0,5.0,3
1,105,0.002049865924760789,0.0,5.0,3
1,106,0.0021311289469635466,0.0,5.0,3
1,107,0.5293153541628443,0.0,5.0,3
1,108,0.0022257878682539495,0.0,5.0,3
1,109,0.39784929652049905,0.0,5.0,3
1,110,0.002346104447457252,0.0,5.0,3
1,111,0.7937606151132938,0.0,5.0,3
1,112,0.7938548297451465,0.0,5.0,3
1,113,0.002436970180746703,0.0,5.0,3
1,114,0.0024879316184104206,0.0,10.0,3
1,115,0.26637649415994763,0.0,10.0,3
1,116,0.39845457523128774,0.0,10.0,3
1,117,1.5866634523076193,5.0,10.0,3
1,118,0.39863641216585866,0.0,10.0,3
1,119,0.0027504213283306815,0.0,10.0,3
1,120,1.1913787494906363,0.0,10.0,3
1,121,0.002907229910745199,0.0,10.0,3
1,122,0.0029457307740978333,0.0,10.0,3
1,123,0.39932862218380866,0.0,10.0,3
1,124,0.0031013192963969417,0.0,10.0,3
1,125,2.366524082415331,0.0,20.0,3
1,126,0.003373745015626997,0.0,20.0,3
1,127,0.7969909341630549,0.0,20.0,3
1,128,0.0034926010501003454,0.0,20.0,3
1,129,0.0035879312374148477,0.0,20.0,3
1,130,1.318641476353368,0.0,20.0,3
1,131,1.9771699962535416,0.0,20.0,3
1,132,0.7989639078405999,0.0,20.0,3
1,133,0.40201814865836233,0.0,20.0,3
1,134,0.004510621648233877,0.0,20.0,3
1,135,0.8007567468784434,0.0,20.0,3
1,136,1.582044068883885,0.0,20.0,3
1,137,3.957261011870859,0.0,20.0,3
1,138,0.4031276255165263,0.0,20.0,3
1,139,1.322929850020279,0.0,20.0,3
1,140,1.855540708668382,0.0,20.0,3
1,141,3.9651635668599923,0.0,20.0,3
1,142,7.088304263034943,0.0,35.0,3
1,143,3.4321718265281795,0.0,35.0,3
1,144,0.007632260891929529,0.0,35.0,3
1,145,0.008047117474673465,0.0,35.0,3
1,146,1.591505417191942,0.0,35.0,3
1,147,0.5427566832909206,0.0,35.0,3
1,148,3.980527468820736,0.0,35.0,3
1,149,2.641821029669512,0.0,35.0,3
1,150,5.0099063852678105,0.0,35.0,3
1,151,0.0117554041009363,0.0,35.0,3
1,152,0.012512045402250436,0.0,35.0,3
1,153,0.8192601231317348,0.0,35.0,3
1,154,5.153942416182296,0.0,35.0,3
1,155,3.1917229425842084,0.0,35.0,3
1,156,0.417934737109799,0.0,35.0,3
1,157,1.0749017677698198,0.0,35.0,3
1,158,0.4200092675433074,0.0,35.0,3
1,159,0.016694727349738932,0.0,55.0,3
1,160,6.861772378519505,0.0,55.0,3
1,161,19.752710525666842,0.0,55.0,3
1,162,3.2068725961293505,0.0,55.0,3
1,163,2.019895896735058,0.0,55.0,3
1,164,6.739769007643041,0.0,55.0,3
1,165,0.5662618299464651,0.0,55.0,3
1,166,10.364019644107739,0.0,55.0,3
1,167,6.121678351578236,0.0,55.0,3
1,168,4.056205209152722,0.0,55.0,3
1,169,4.797003618140638,0.0,55.0,3
1,170,12.3716187279036,0.0,55.0,3
1,171,8.026195232125259,5.0,55.0,3
1,172,12.715273752232923,0.0,55.0,3
1,173,4.263745891772519,0.0,55.0,3
1,174,23.144530393357815,15.0,55.0,3
1,175,6.819378908864899,0.0,55.0,3
1,176,2.735409559243354,0.0,55.0,3
1,177,6.44117741840682,0.0,55.0,3
1,178,1.7134325748130201,0.0,55.0,3
1,179,8.510629584873092,10.0,55.0,3
1,180,0.957121345552973,0.0,55.0,3
1,181,0.12996363729327076,0.0,80.0,3
1,182,12.914742454212591,0.0,80.0,3
1,183,2.834184290137878,0.0,80.0,3
1,184,7.442051124715171,0.0,80.0,3
1,185,4.25327859169735,0.0,80.0,3
1,186,0.22842210088534035,0.0,80.0,3
1,187,10.64794180041801,0.0,80.0,3
1,188,1.9429474252715542,0.0,80.0,3
1,189,17.896509865525797,0.0,80.0,3
1,190,12.582725217065674,0.0,80.0,3
1,191,0.7895359864704826,0.0,80.0,3
1,192,18.008414611223163,0.0,80.0,3
1,193,1.2859931000222156,0.0,80.0,3
1,194,16.840188409998532,0.0,80.0,3
1,195,12.418216686242038,0.0,80.0,3
1,196,4.575074911423069,0.0,80.0,3
1,197,17.536906713654428,0.0,80.0,3
1,198,13.977555288700467,0.0,80.0,3
1,199,5.623720966832027,0.0,80.0,3
1,200,9.120968123192704,0.0,80.0,3
1,201,5.973777797640912,0.0,80.0,3
1,202,8.770487667772755,0.0,80.0,3
1,203,21.23199375163469,0.0,80.0,3
1,204,4.277038551049659,0.0,80.0,3
1,205,15.028096033930503,0.0,80.0,3
1,206,5.077050443762248,0.0,80.0,3
1,207,11.762356969281496,0.0,80.0,3
1,208,5.52131869075446,0.0,80.0,3
1,209,16.889022436118974,10.0,80.0,3
1,210,21.248104153874777,0.0,80.0,3
1,211,5.424033424459377,0.0,80.0,3
1,212,15.620710033892331,0.0,80.0,3
1,213,11.244722472847139,0.0,80.0,3
1,214,5.814871168854724,0.0,80.0,2
1,215,17.712018165224972,0.0,80.0,2
1,216,13.991530344644096,0.0,80.0,2
1,217,17.42105399121176,0.0,80.0,2
1,218,5.490054423308185,0.0,80.0,2
1,219,6.577525735139211,0.0,80.0,2
1,220,6.386726072113658,0.0,80.0,2
1,221,22.049019893509,0.0,80.0,2
1,222,5.447746703577866,0.0,80.0,2
1,223,5.28630026561991,0.0,80.0,2
1,224,8.87053822926822,0.0,80.0,2
1,225,4.797197741210661,0.0,80.0,2
1,226,3.917076078186561,0.0,80.0,2
1,227,10.270806720670658,0.0,80.0,2
1,228,2.3041781672299013,0.0,80.0,2
1,229,20.96152668903045,0.0,80.0,2
1,230,1.8500879617788961,0.0,80.0,2
1,231,15.194349290409605,0.0,80.0,2
1,232,17.851123038927163,0.0,80.0,2
1,233,22.9198295762399,0.0,80.0,2
1,234,10.559747572984682,0.0,80.0,2
1,235,21.068944927443056,0.0,80.0,2
1,236,10.259463808464139,0.0,80.0,2
1,237,13.426193859302044,0.0,80.0,2
1,238,20.00337937187547,0.0,80.0,2
1,239,7.1748900442552435,0.0,80.0,2
1,240,5.778228415539669,0.0,80.0,2
1,241,5.986134676465582,0.0,80.0,2
1,242,3.66436963810631,0.0,80.0,2
1,243,16.525651015143072,0.0,80.0,2
1,244,6.620503361539564,0.0,80.0,2
1,245,13.292979265442805,15.0,80.0,2
1,246,2.6924853180175923,0.0,85.0,2
1,247,17.096467173143928,0.0,85.0,2
1,248,13.585568194774336,0.0,85.0,2
1,249,6.477601231736277,0.0,85.0,2
1,250,4.11953681873728,0.0,85.0,2
1,251,18.89328677466218,0.0,85.0,2
1,252,6.045466722907414,0.0,85.0,2
1,253,8.349719507323547,0.0,85.0,2
1,254,4.778885166214797,0.0,85.0,2
1,255,3.2229208902212516,0.0,85.0,2
1,256,10.797270672034351,10.0,85.0,2
1,257,6.842732886015804,0.0,85.0,2
1,258,13.243944881950739,25.0,85.0,2
1,259,7.608491531629471,0.0,85.0,2
1,260,9.988546015299947,0.0,85.0,2
1,261,2.4326178557977496,0.0,85.0,2
1,262,2.490215867831217,0.0,85.0,2
1,263,18.032108248111715,0.0,95.0,2
1,264,7.613814099517689,0.0,95.0,2
1,265,3.6394176842351595,0.0,95.0,2
1,266,9.47433414947943,0.0,95.0,2
1,267,5.94916529128273,0.0,95.0,2
1,268,18.369031971012106,0.0,95.0,2
1,269,4.723671494325065,0.0,95.0,2
1,270,29.429934336742807,0.0,95.0,2
1,271,13.041562469487797,0.0,95.0,2
1,272,6.351594499249986,0.0,95.0,2
1,273,8.12460913183077,0.0,95.0,2
1,274,8.438133122299014,0.0,95.0,2
1,275,14.323206356304498,0.0,95.0,2
1,276,15.303659967143018,0.0,95.0,2
1,277,5.327980899898176,0.0,95.0,2
1,278,3.6507451421242845,0.0,95.0,2
1,279,6.104903497182578,0.0,95.0,2
1,280,13.817106258257382,0.0,95.0,2
1,281,17.88307898701203,0.0,95.0,2
1,282,7.0951186622084,0.0,110.0,2
1,283,16.051314462122814,0.0,110.0,2
1,284,10.678452914795875,0.0,110.0,2
1,285,11.943061923026892,0.0,110.0,2
1,286,5.307567361442666,0.0,110.0,2
1,287,8.41712098913332,0.0,110.0,2
1,288,14.77826096500723,0.0,110.0,2
1,289,10.960979129887091,0.0,110.0,2
1,290,14.724098310499311,0.0,110.0,2
1,291,3.983380066147884,0.0,110.0,2
1,292,14.299440628080204,0.0,110.0,2
1,293,4.106499414551313,0.0,110.0,2
1,294,6.45566035568145,0.0,110.0,2
1,295,3.216667381794458,0.0,110.0,2
1,296,13.78109779305844,0.0,120.0,2
1,297,23.185126262496723,0.0,120.0,2
1,298,3.3813236043304227,0.0,120.0,2
1,299,10.957157570482764,0.0,120.0,2
1,300,6.88384218207747,0.0,120.0,2
1,301,3.79248338620334,0.0,120.0,2
1,302,25.671877239003845,0.0,120.0,2
1,303,3.5012503502223287,0.0,120.0,2
1,304,4.909032951428038,0.0,120.0,2
1,305,23.699936120228617,0.0,120.0,2
1,306,8.592132868695888,0.0,120.0,2
1,307,23.881827060014658,0.0,120.0,2
1,308,8.061454916608985,0.0,120.0,2
1,309,4.243715846515964,0.0,120.0,2
1,310,3.6675124459073323,0.0,120.0,2
1,311,18.233625993509236,0.0,120.0,2
1,312,18.499759652655722,0.0,120.0,2
1,313,16.024632411673203,0.0,120.0,2
1,314,12.557661252263534,0.0,120.0,2
1,315,9.332800082196192,0.0,120.0,2
1,316,15.712473995247862,0.0,120.0,2
1,317,19.014727391827023,0.0,120.0,2
1,318,5.914063116800819,0.0,120.0,2
1,319,11.400511960974645,0.0,120.0,2
1,320,19.853163394899656,0.0,120.0,2
1,321,11.066245179818914,0.0,120.0,2
1,322,20.308264169355162,0.0,120.0,2
1,323,18.97735731825685,0.0,120.0,2
1,324,8.096816800016187,0.0,120.0,2
1,325,6.625356638601551,0.0,120.0,2
1,326,12.741874662665268,0.0,120.0,2
1,327,11.066411614704782,0.0,120.0,2
1,328,13.06524915242624,0.0,120.0,2
1,329,5.2426875955050365,0.0,120.0,2
1,330,5.340892016985343,0.0,120.0,2
1,331,11.264415409516944,0.0,120.0,2
1,332,8.120424031318882,0.0,120.0,2
1,333,12.443049990848493,0.0,120.0,2
1,334,4.969192481649126,0.0,120.0,2
1,335,20.05908393524665,5.0,120.0,2
1,336,19.92950818353894,0.0,120.0,2
1,337,8.5612686729442,0.0,120.0,2
1,338,6.123312682442052,0.0,120.0,2
1,339,21.333887087471034,0.0,120.0,2
1,340,12.5566715018954,0.0,120.0,2
1,341,7.021160865752596,0.0,120.0,2
1,342,7.79952315902177,0.0,120.0,2
1,343,28.987736753940155,0.0,120.0,2
1,344,5.730040840079789,0.0,120.0,2
1,345,11.56938046255641,0.0,120.0,2
1,346,15.165202729071654,0.0,120.0,2
1,347,4.5461832098709865,0.0,120.0,2
1,348,25.135826389011545,0.0,120.0,2
1,349,8.050805819550005,0.0,120.0,2
1,350,25.629229533022357,0.0,120.0,2
1,351,6.6216195321483395,0.0,120.0,2
1,352,20.87202992685572,0.0,120.0,2
1,353,12.976489216173698,0.0,120.0,2
1,354,12.333817043733013,0.0,150.0,2
1,355,23.954452291357956,0.0,150.0,2
1,356,16.34100926665131,0.0,150.0,2
1,357,11.54270377184682,0.0,150.0,2
1,358,24.01058941693174,0.0,150.0,2
1,359,9.527782668607713,0.0,150.0,2
1,360,17.085273092432207,0.0,150.0,2
1,361,12.805651151644513,0.0,150.0,2
1,362,12.92500492067724,0.0,150.0,2
1,363,9.411485657345443,0.0,150.0,2
1,364,6.326888381521609,0.0,150.0,2
1,365,10.501444497599763,0.0,150.0,2
1,366,8.562785849342983,0.0,150.0,2
1,367,6.985786592420443,0.0,150.0,2
1,368,16.08744119005409,0.0,150.0,2
1,369,9.285546284361791,0.0,150.0,2
1,370,20.694905377321515,0.0,150.0,2
1,371,27.679130504887542,0.0,150.0,2
1,372,8.452357699361473,0.0,150.0,2
1,373,8.687089553433333,0.0,150.0,2
1,374,37.069455133967175,0.0,150.0,2
1,375,11.76067362073384,0.0,150.0,2
1,376,17.589843290140465,0.0,150.0,2
1,377,5.689130769882146,0.0,150.0,2
1,378,8.193239712123095,0.0,150.0,2
1,379,13.002600414752282,0.0,150.0,2
1,380,4.344728364543542,0.0,150.0,2
1,381,4.053464363423544,0.0,150.0,2
1,382,11.857668691329508,0.0,150.0,2
1,383,4.441529876771059,0.0,150.0,2
1,384,24.039123414370394,0.0,150.0,2
1,385,10.727913318425967,0.0,150.0,2
1,386,29.57689768199552,0.0,150.0,2
1,387,4.007225231594039,0.0,150.0,2
1,388,5.261375414345433,0.0,150.0,2
1,389,14.4059505873918,0.0,150.0,2
1,390,3.6487549394430814,0.0,150.0,2
1,391,8.471865874387001,0.0,150.0,2
1,392,3.2661422588246696,0.0,150.0,2
1,393,13.712591781144644,0.0,150.0,2
1,394,2.998508050985136,0.0,150.0,2
1,395,7.982496253807746,0.0,155.0,2
1,396,6.108533076575185,0.0,155.0,2
1,397,2.6263464887854715,0.0,155.0,2
1,398,15.749137362965493,0.0,155.0,2
1,399,4.084975149224755,0.0,155.0,2
1,400,3.214870088193128,0.0,155.0,2
1,401,16.753832785829356,0.0,155.0,2
1,402,33.47944084915637,0.0,155.0,2
1,403,7.974696214864003,0.0,155.0,2
1,404,41.63857648993893,0.0,155.0,2
1,405,32.28392948079334,0.0,155.0,2
1,406,13.937982688980691,0.0,155.0,2
1,407,14.83687222015645,0.0,155.0,2
1,408,29.7041864032268,0.0,155.0,2
1,409,9.51893475959511,5.0,155.0,2
1,410,15.636024667912709,0.0,155.0,2
1,411,20.221528673035063,0.0,155.0,2
1,412,7.369852593166601,0.0,155.0,2
1,413,27.202888253436157,0.0,155.0,2
1,414,5.732308163093001,0.0,155.0,2
1,415,6.014341635884635,0.0,165.0,2
1,416,19.68648243293053,0.0,165.0,2
1,417,6.353413112565407,0.0,165.0,2
1,418,25.840082199534052,0.0,165.0,2
1,419,12.92417586799559,0.0,165.0,2
1,420,22.538175724458494,0.0,165.0,2
1,421,13.413213480580955,0.0,165.0,2
1,422,9.006235155438576,0.0,165.0,2
1,423,22.24524129950406,0.0,165.0,2
1,424,9.943726530490903,0.0,165.0,2
1,425,8.958106005789848,0.0,165.0,2
1,426,15.715999525549833,0.0,165.0,2
1,427,5.509911147291198,0.0,165.0,2
1,428,4.5921256402936725,0.0,165.0,2
1,429,4.757003680900435,0.0,165.0,2
1,430,3.726491953974542,0.0,165.0,2
1,431,4.1062528096949285,0.0,165.0,2
1,432,11.249239660185546,0.0,165.0,2
1,433,3.8877768414469016,0.0,165.0,2
1,434,14.194692962050848,0.0,180.0,2
1,435,7.906556143366655,0.0,180.0,2
1,436,3.1106524344620383,0.0,180.0,2
1,437,6.967468001331765,0.0,180.0,2
1,438,5.6466648030970275,0.0,180.0,2
1,439,20.456713335003858,0.0,180.0,2
1,440,5.291955323227249,0.0,180.0,2
1,441,8.727740832808133,0.0,180.0,2
1,442,29.267490458451498,0.0,180.0,2
1,443,5.341519160811263,0.0,180.0,2
1,444,20.350630304512688,0.0,180.0,2
1,445,7.211821988258887,0.0,180.0,2
1,446,7.521707495728483,0.0,180.0,2
1,447,19.066913324002737,0.0,180.0,2
1,448,8.076954412964087,0.0,180.0,2
1,449,31.41670992429447,0.0,180.0,2
1,450,4.601345256156461,0.0,180.0,2
1,451,4.91704078496969,0.0,180.0,2
1,452,16.854206692578195,25.0,180.0,2
1,453,5.9689855367519975,0.0,180.0,2
1,454,5.843766138493903,0.0,180.0,2
1,455,5.819381408639403,0.0,180.0,2
1,456,7.00797662967247,0.0,200.0,2
1,457,7.741403871149306,0.0,200.0,2
1,458,10.587140803908543,0.0,200.0,2
1,459,3.496126560782685,0.0,200.0,2
1,460,17.20028651156979,0.0,200.0,2
1,461,8.046833781639185,0.0,200.0,2
1,462,3.7516150757981848,0.0,200.0,2
1,463,11.83107630253351,0.0,200.0,2
1,464,3.9946061268188284,0.0,200.0,2
1,465,3.5522140830948556,0.0,200.0,2
1,466,5.184872818525455,0.0,200.0,2
1,467,22.54466944429681,0.0,200.0,2
1,468,4.648010207531057,0.0,200.0,2
1,469,7.198482738869555,0.0,200.0,2
1,470,4.278754399024638,0.0,200.0,2
1,471,6.689819497676751,0.0,200.0,2
1,472,12.9451350131825,0.0,200.0,2
1,473,2.419480341788285,0.0,200.0,2
1,474,18.838732322148548,0.0,200.0,2
1,475,2.433573420116756,0.0,200.0,2
1,476,14.56418501722085,0.0,200.0,2
1,477,4.32179097322651,0.0,200.0,2
1,478,29.228322786094836,0.0,200.0,2
1,479,12.208315039873787,0.0,200.0,2
1,480,21.52704061931046,0.0,200.0,2
1,481,6.579398294330022,0.0,200.0,2
1,482,10.970950315425434,0.0,200.0,2
1,483,10.248122683026816,0.0,200.0,2
1,484,21.89533981756269,0.0,200.0,2
1,485,31.211125990191313,0.0,200.0,2
1,486,6.7264423881922255,0.0,200.0,2
1,487,22.363994296898806,0.0,200.0,2
1,488,22.26694392678254,0.0,200.0,2
1,489,27.39713178729332,0.0,200.0,2
1,490,25.185981887350746,0.0,200.0,2
1,491,12.285375856033445,0.0,200.0,2
1,492,10.433499293453542,0.0,200.0,2
1,493,8.549348738746723,0.0,200.0,2
1,494,7.551996309541922,0.0,200.0,2
1,495,12.406587412887438,0.0,200.0,2
1,496,23.17070732185626,0.0,200.0,2
1,497,13.077670823865354,0.0,200.0,2
1,498,5.767292407827888,0.0,200.0,2
1,499,11.661369915822156,0.0,200.0,2
1,500,25.13886799412656,0.0,200.0,2
1,501,5.040428139935205,0.0,200.0,2
1,502,4.6139566967120915,0.0,200.0,2
1,503,10.11334036459487,0.0,200.0,2
1,504,10.260675697982817,0.0,200.0,2
1,505,6.966343788803118,0.0,200.0,2
1,506,7.062066828979607,0.0,200.0,2
1,507,13.89510952911845,0.0,200.0,2
1,508,6.595079783980579,0.0,200.0,2
1,509,5.2564382986202,0.0,200.0,2
1,510,13.11351805736701,0.0,200.0,2
1,511,2.8101899741147562,0.0,200.0,2
1,512,3.3939875316282477,0.0,200.0,2
1,513,2.886034822687949,0.0,200.0,2
1,514,19.26747083992618,0.0,200.0,2
1,515,2.633999604046669,0.0,200.0,2
1,516,21.229206625598266,0.0,200.0,2
1,517,2.4958407032771084,0.0,200.0,2
1,518,2.209254873338445,0.0,200.0,2
1,519,3.362753779427562,0.0,200.0,2
1,520,11.176204061661585,0.0,200.0,2
1,521,8.927706368757864,0.0,200.0,2
1,522,2.983146748266343,0.0,200.0,2
1,523,7.082197998046577,0.0,200.0,2
1,524,2.744231106591011,0.0,200.0,2
1,525,11.713719580172212,0.0,200.0,2
1,526,3.5977100903988877,0.0,200.0,2
1,527,3.3618455665456732,0.0,200.0,2
1,528,2.6594902650046097,0.0,200.0,2
1,529,23.338607078029355,0.0,200.0,2
1,530,12.273109413153776,0.0,200.0,2
1,531,21.43656239781362,0.0,200.0,2
1,532,41.9673934649937,0.0,200.0,2
1,533,26.29201688784195,0.0,200.0,2
1,534,6.379417123850042,0.0,200.0,2
1,535,11.587068207198607,0.0,200.0,2
1,536,5.377362515959626,0.0,200.0,2
1,537,18.84766220972088,0.0,200.0,2
1,538,3.907062171845402,0.0,200.0,2
1,539,7.439123836840722,10.0,200.0,2
1,540,26.033070848025968,0.0,200.0,2
1,541,15.416382603930849,0.0,200.0,2
1,542,29.654256208013578,0.0,200.0,2
1,543,14.97463132834394,0.0,200.0,2
1,544,13.288795169224821,0.0,200.0,2
1,545,13.602198116742144,0.0,200.0,2
1,546,5.279600830877149,0.0,200.0,2
1,547,23.113615656717144,0.0,200.0,2
1,548,4.013704602275332,0.0,200.0,2
1,549,5.318755119445862,0.0,200.0,2
1,550,18.588605389421236,0.0,200.0,2
1,551,3.1516272709980644,0.0,200.0,2
1,552,12.716628055359758,0.0,200.0,2
1,553,7.4144898615642045,0.0,220.0,2
1,554,6.673322651046695,0.0,220.0,2
1,555,4.35349787387126,0.0,220.0,2
1,556,36.33190994690698,0.0,220.0,2
1,557,54.28194585961423,0.0,220.0,2
1,558,5.693567141908923,0.0,220.0,2
1,559,7.177526825473463,0.0,220.0,2
1,560,18.300331272274192,0.0,220.0,2
1,561,12.943899155439288,0.0,230.0,2
1,562,11.6805788188351,0.0,230.0,2
1,563,26.191497480745934,0.0,230.0,2
1,564,19.202566790867998,0.0,230.0,2
1,565,17.500865552254186,0.0,230.0,2
1,566,10.361291272906447,0.0,230.0,2
1,567,5.240100628060282,0.0,230.0,2
1,568,8.760245001515512,0.0,230.0,2
1,569,9.571658535663973,0.0,230.0,2
1,570,3.667545778681063,0.0,230.0,2
1,571,20.023621559878546,0.0,230.0,2
1,572,15.222878922038278,0.0,230.0,2
1,573,21.76397655029619,0.0,230.0,2
1,574,16.440314050600804,0.0,230.0,2
1,575,9.951117591678,0.0,230.0,2
1,576,6.426483051759624,0.0,230.0,2
1,577,12.292996415510142,5.0,230.0,2
1,578,13.192985339974014,0.0,230.0,2
1,579,15.086437281958842,0.0,230.0,2
1,580,5.236543519330666,0.0,230.0,2
1,581,16.37102100338585,0.0,230.0,2
1,582,33.483900925478714,0.0,230.0,2
1,583,3.9345535039559394,0.0,230.0,2
1,584,23.09743272608641,0.0,230.0,2
1,585,8.194730438972627,0.0,230.0,2
1,586,32.32706713836111,0.0,230.0,2
1,587,15.101875083887538,0.0,230.0,2
1,588,17.90436016704908,0.0,230.0,2
1,589,15.038257418524326,0.0,230.0,2
1,590,11.624064657992824,0.0,230.0,2
1,591,7.363009681717465,0.0,230.0,2
1,592,5.301720210156858,0.0,230.0,2
1,593,5.488051766835185,0.0,230.0,2
1,594,22.84890334657489,0.0,230.0,2
1,595,21.992406994054004,0.0,230.0,2
1,596,25.68252186943556,0.0,230.0,2
1,597,7.628730274782547,0.0,230.0,2
1,598,12.056577596955947,0.0,230.0,2
1,599,12.250599771653208,0.0,230.0,2
1,600,3.72264843763989,0.0,230.0,2
1,601,5.988609306074792,0.0,230.0,2
1,602,10.050276576870665,0.0,230.0,2
1,603,13.84233815014423,0.0,230.0,2
1,604,6.997389878795516,0.0,230.0,2
1,605,14.80431600280581,0.0,230.0,2
1,606,3.49014806075518,0.0,230.0,2
1,607,17.649860736142397,0.0,230.0,2
1,608,3.1381156400527024,0.0,230.0,2
1,609,49.421288467934794,0.0,230.0,1
1,610,20.31545808265589,0.0,230.0,1
1,611,20.92320980301989,0.0,230.0,1
1,612,19.996270781041506,0.0,230.0,1
1,613,9.995166921279496,0.0,230.0,1
1,614,6.655865102254171,0.0,230.0,1
1,615,9.292733492374975,0.0,230.0,1
1,616,25.979160512670802,0.0,230.0,1
1,617,3.7467513428815917,0.0,230.0,1
1,618,4.755992085174792,0.0,230.0,1
1,619,4.448770472057291,0.0,230.0,1
1,620,14.520409525102302,0.0,230.0,1
1,621,10.014397529501165,0.0,230.0,1
1,622,6.303312150415633,0.0,230.0,1
1,623,4.416173635466884,0.0,230.0,1
1,624,8.87373201637382,0.0,230.0,1
1,625,5.3156446854450605,0.0,230.0,1
1,626,17.486817393701998,0.0,230.0,1
1,627,32.419042386533555,0.0,230.0,1
1,628,16.612228470425855,0.0,230.0,1
1,629,21.9714469147768,0.0,230.0,1
1,630,34.888208439851695,0.0,230.0,1
1,631,38.12178280830153,0.0,230.0,1
1,632,32.01812809458335,0.0,230.0,1
1,633,13.663321777455774,0.0,230.0,1
1,634,13.887027650390827,0.0,230.0,1
1,635,8.964920823352319,0.0,230.0,1
1,636,36.1271370401144,0.0,230.0,1
1,637,13.666639368823182,0.0,230.0,1
1,638,11.64361787217951,0.0,230.0,1
1,639,4.237462294527015,0.0,230.0,1
1,640,7.92940659204954,0.0,230.0,1
1,641,5.629015486446228,0.0,230.0,1
1,642,4.046842464893275,0.0,230.0,1
1,643,4.576055075725662,0.0,230.0,1
1,644,19.00407091547208,0.0,230.0,1
1,645,7.707028242898698,0.0,230.0,1
1,646,8.737775417988585,0.0,250.0,1
1,647,3.398738660799715,0.0,250.0,1
1,648,10.298356511315433,0.0,250.0,1
1,649,13.030594126753106,0.0,250.0,1
1,650,4.608942047756609,0.0,250.0,1
1,651,11.312196240912415,0.0,250.0,1
1,652,8.930490585009144,0.0,250.0,1
1,653,22.889888235822966,0.0,250.0,1
1,654,10.440614481091604,0.0,250.0,1
1,655,5.7166729502466005,0.0,250.0,1
1,656,13.642990861705517,0.0,250.0,1
1,657,24.780884911559802,0.0,250.0,1
1,658,12.262222097181109,0.0,250.0,1
1,659,15.409791213960855,0.0,250.0,1
1,660,6.237102956127805,0.0,250.0,1
1,661,12.52097943163126,0.0,250.0,1
1,662,52.7105154383024,0.0,275.0,1
1,663,15.146149085350558,0.0,275.0,1
1,664,14.612978239074883,0.0,275.0,1
1,665,13.646714110189425,0.0,275.0,1
1,666,15.246754119682265,0.0,275.0,1
1,667,18.08315552608066,0.0,275.0,1
1,668,20.0397846179734,0.0,275.0,1
1,669,18.881587050348696,0.0,275.0,1
1,670,24.77695428475241,0.0,275.0,1
1,671,24.600723096125495,0.0,275.0,1
1,672,27.51217380030073,0.0,275.0,1
1,673,7.160464694016337,0.0,290.0,1
1,674,8.551231644765839,5.0,290.0,1
1,675,30.31430774319102,0.0,290.0,1
1,676,8.610924153690195,0.0,290.0,1
1,677,22.43115593795051,0.0,290.0,1
1,678,10.54902327648904,0.0,290.0,1
1,679,9.678510189633823,0.0,290.0,1
1,680,21.241796036898172,0.0,290.0,1
1,681,13.383312344622086,0.0,290.0,1
1,682,14.52834197260842,0.0,290.0,1
1,683,8.283166463414505,0.0,290.0,1
1,684,12.554790359539265,0.0,290.0,1
1,685,15.706633843467484,0.0,290.0,1
1,686,5.185282778974382,0.0,290.0,1
1,687,5.520161025999599,0.0,290.0,1
1,688,21.51001729665288,0.0,290.0,1
1,689,28.773098287312,25.0,290.0,1
1,690,4.530331024406302,0.0,290.0,1
1,691,19.006989479784316,0.0,290.0,1
1,692,34.62584652183152,0.0,310.0,1
1,693,17.940897988723126,0.0,310.0,1
1,694,10.43035336146667,0.0,310.0,1
1,695,25.913118317980373,0.0,310.0,1
1,696,10.698472081099027,0.0,310.0,1
1,697,8.889545907357084,0.0,310.0,1
1,698,11.715289567208627,0.0,310.0,1
1,699,4.500061526578709,0.0,310.0,1
1,700,8.9624303306962,20.0,310.0,1
1,701,31.73073067456243,0.0,310.0,1
1,702,2.304085669168352,0.0,310.0,1
1,703,15.425260985475132,0.0,310.0,1
1,704,10.48085792463907,0.0,310.0,1
1,705,13.745906211188595,0.0,310.0,1
1,706,5.204565602571219,0.0,310.0,1
1,707,5.912417512911428,0.0,310.0,1
1,708,16.65744440627591,0.0,310.0,1
1,709,6.066941821579164,0.0,310.0,1
1,710,33.9469029955468,0.0,310.0,1
1,711,10.1829526954886,0.0,310.0,1
1,712,20.97903418930152,0.0,340.0,1
1,713,57.41226265112491,0.0,340.0,1
1,714,30.542423811578555,0.0,340.0,1
1,715,21.20622074067711,0.0,340.0,1
1,716,31.38093186952345,0.0,340.0,1
1,717,13.873443012644062,15.0,340.0,1
1,718,7.018569992527017,0.0,340.0,1
1,719,6.496269264178622,0.0,340.0,1
1,720,6.097895704351298,0.0,340.0,1
1,721,14.89640905802031,0.0,340.0,1
1,722,10.93632828616496,0.0,340.0,1
1,723,11.481260267494207,0.0,340.0,1
1,724,21.459814082852745,0.0,340.0,1
1,725,5.043742565864228,0.0,340.0,1
1,726,3.370966519364923,0.0,360.0,1
1,727,4.3599806604648865,0.0,360.0,1
1,728,10.408241646129943,0.0,360.0,1
1,729,8.730865863257227,0.0,360.0,1
1,730,2.7436230384885136,0.0,360.0,1
1,731,31.76051797587522,0.0,360.0,1
1,732,7.949249364105161,0.0,360.0,1
1,733,21.53645273174969,0.0,360.0,1
1,734,10.085004424923804,0.0,360.0,1
1,735,3.8703842458937046,0.0,360.0,1
1,736,11.583611071434497,0.0,360.0,1
1,737,11.486579730219086,0.0,365.0,1
1,738,4.03111109239351,0.0,365.0,1
1,739,5.782879508984742,0.0,365.0,1
1,740,11.27787824097887,0.0,365.0,1
1,741,16.583417541906737,0.0,365.0,1
1,742,17.81423659163882,0.0,365.0,1
1,743,25.078622791216734,0.0,375.0,1
1,744,17.97431255203465,0.0,375.0,1
1,745,9.750669124320098,0.0,375.0,1
1,746,23.977978097549887,0.0,375.0,1
1,747,9.722222765001213,0.0,375.0,1
1,748,24.919426786433608,0.0,375.0,1
1,749,14.394757094917045,0.0,375.0,1
1,750,19.582562955561144,10.0,375.0,1
1,751,37.510034037595894,0.0,375.0,1
1,752,22.708077385098107,0.0,390.0,1
1,753,26.2644396035583,0.0,390.0,1
1,754,28.465773822567517,0.0,390.0,1
1,755,31.79326185341319,0.0,390.0,1
1,756,30.761782580752158,0.0,390.0,1
1,757,27.90323851881119,0.0,390.0,1
1,758,28.075257016429244,0.0,390.0,1
1,759,47.325754926206514,0.0,390.0,1
1,760,38.389201999325884,0.0,390.0,1
1,761,44.426938833254184,0.0,390.0,1
1,762,35.848543334774455,0.0,390.0,1
1,763,23.233111471009426,0.0,390.0,1
1,764,44.89034444656483,0.0,390.0,1
1,765,21.215016683116104,0.0,390.0,1
1,766,27.49303354805438,0.0,390.0,1
1,767,28.608186465885026,0.0,390.0,1
1,768,17.134732510713565,0.0,390.0,1
1,769,11.591980506856277,0.0,390.0,1
1,770,29.188683427384355,0.0,390.0,1
1,771,33.16836752501543,0.0,390.0,1
1,772,14.620493288908213,0.0,390.0,1
1,773,14.050640906780234,0.0,390.0,1
1,774,13.966658927505563,0.0,390.0,1
1,775,21.49810159715703,0.0,390.0,1
1,776,20.274737838518483,0.0,390.0,1
1,777,33.57390237942569,0.0,390.0,1
1,778,13.628814177842766,0.0,390.0,1
1,779,17.707639604634558,0.0,390.0,1
1,780,22.666733315672435,0.0,390.0,1
1,781,23.61739505796498,0.0,390.0,1
1,782,21.063813026429777,10.0,390.0,1
1,783,18.794016588447963,0.0,390.0,1
1,784,11.56425886816111,0.0,390.0,1
1,785,9.328623251003739,0.0,390.0,1
1,786,29.245623668677155,0.0,390.0,1
1,787,15.849236407733038,0.0,390.0,1
1,788,17.81088058159688,0.0,390.0,1
1,789,2.003529136996324,0.0,390.0,1
1,790,10.221371141669781,0.0,390.0,1
1,791,4.115865072815347,0.0,390.0,1
1,792,23.809482754798506,0.0,390.0,1
1,793,18.463538177265423,0.0,390.0,1
1,794,1.6178122395691357,0.0,390.0,1
1,795,2.486570281788695,0.0,390.0,1
1,796,2.2251207523481327,0.0,390.0,1
1,797,3.0181176100280713,0.0,390.0,1
1,798,2.5955492060865195,0.0,390.0,1
1,799,14.669689171687358,0.0,390.0,1
1,800,5.202800058247885,0.0,390.0,1
1,801,3.091986867750711,0.0,390.0,1
1,802,2.363029032528286,0.0,390.0,1
1,803,2.351361710100346,0.0,390.0,1
1,804,13.052513551716025,0.0,390.0,1
1,805,18.060871492640487,0.0,390.0,1
1,806,14.362609583288487,0.0,390.0,1
1,807,13.645092518225143,0.0,390.0,1
1,808,19.442198156553683,0.0,390.0,1
1,809,2.6376768789410314,0.0,390.0,1
1,810,15.152040513140571,0.0,390.0,1
1,811,9.333874683534907,0.0,390.0,1
1,812,31.572206442631423,0.0,390.0,1
1,813,9.239720533796275,0.0,390.0,0
1,814,24.81757623418724,0.0,390.0,0
1,815,47.09218790872024,0.0,390.0,0
1,816,33.087372577978805,0.0,390.0,0
1,817,31.67638504184157,0.0,390.0,0
1,818,56.008094602224304,0.0,390.0,0
1,819,49.00464745519544,0.0,390.0,0
1,820,32.082814410427055,0.0,390.0,0
1,821,47.92445135558548,0.0,390.0,0
1,822,26.241490657310987,0.0,390.0,0
1,823,49.23429024988543,10.0,390.0,0
1,824,29.32482557092099,0.0,390.0,0
1,825,43.77177652687619,0.0,390.0,0
1,826,28.290733289457798,0.0,390.0,0
2,827,25.84868131117665,0.0,0.0,3
2,828,31.98000648150207,0.0,0.0,3
2,829,19.356033948869225,0.0,0.0,3
2,830,20.80988482717061,0.0,0.0,3
2,831,24.33509206441517,0.0,0.0,3
2,832,21.301301994399875,0.0,0.0,3
2,833,11.554736207077063,0.0,0.0,3
2,834,18.794583728672304,0.0,0.0,3
2,835,3.057208618401482,0.0,0.0,3
2,836,2.309496177285149,0.0,0.0,3
2,837,5.494712286129237,20.0,0.0,3
2,838,27.059759602238373,0.0,0.0,3
2,839,5.8501311781782945,0.0,0.0,3
2,840,18.67676081843638,0.0,0.0,3
2,841,1.4592421944584537,0.0,0.0,3
2,842,4.700946655313654,0.0,0.0,3
2,843,45.023834870382395,0.0,0.0,3
2,844,10.620963030201331,0.0,0.0,3
2,845,12.55070074802497,0.0,0.0,3
2,846,23.338477718276888,5.0,0.0,3
2,847,20.14972617658714,0.0,0.0,3
2,848,23.201403317999837,0.0,0.0,3
2,849,22.44048778132059,0.0,0.0,3
2,850,12.176621920923541,0.0,0.0,3
2,851,14.075645428566494,0.0,0.0,3
2,852,8.955533471082644,0.0,0.0,3
2,853,30.8961159722422,0.0,0.0,3
2,854,16.17005052797486,0.0,0.0,3
2,855,7.26325098557363,0.0,0.0,3
2,856,33.58378670150887,0.0,0.0,3
2,857,21.468881847023923,0.0,0.0,3
2,858,17.33479075097313,0.0,0.0,3
2,859,46.47226178873181,0.0,0.0,3
2,860,27.34071288198867,0.0,0.0,3
2,861,38.33242809185402,0.0,0.0,3
2,862,31.910700377997728,0.0,0.0,3
2,863,22.40849800615551,0.0,0.0,3
2,864,69.05792970882489,0.0,0.0,3
2,865,28.602720321911363,0.0,0.0,3
2,866,29.280119042253574,0.0,0.0,3
2,867,29.702525083173832,0.0,0.0,3
2,868,10.230825728604344,0.0,0.0,3
2,869,11.649337756883439,0.0,0.0,3
2,870,26.76328772170116,0.0,0.0,3
2,871,27.577300517944053,0.0,0.0,3
2,872,8.665909684233336,0.0,0.0,3
2,873,25.82798527501885,0.0,0.0,3
2,874,53.63771090178173,0.0,0.0,3
2,875,9.771505169856615,0.0,0.0,3
2,876,10.291657140185947,0.0,0.0,3
2,877,23.458646884575625,0.0,0.0,3
3,878,16.640631172274798,0.0,0.0,3
3,879,9.976879034666561,0.0,0.0,3
3,880,11.58511013798129,0.0,0.0,3
3,881,17.03596599988847,0.0,0.0,3
3,882,10.482638002100877,0.0,0.0,3
3,883,6.506175100989495,0.0,0.0,3
3,884,23.165812396936172,0.0,0.0,3
3,885,15.294402576556756,0.0,0.0,3
3,886,12.468859039334598,0.0,0.0,3
3,887,19.3335811774849,0.0,0.0,3
3,888,17.389863655641467,0.0,0.0,3
3,889,6.051707761450706,0.0,0.0,3
3,890,10.400277978561862,0.0,0.0,3
3,891,9.090652786808187,0.0,0.0,3
3,892,16.396833524676193,0.0,0.0,3
3,893,12.871181511496568,0.0,0.0,3
3,894,19.883436358822966,0.0,0.0,3
3,895,8.153851189142715,0.0,0.0,3
3,896,21.200277803239537,0.0,0.0,3
3,897,10.987507077097582,0.0,0.0,3
3,898,23.936289900371793,0.0,0.0,3
3,899,1.883214774852778,0.0,0.0,3
3,900,8.371377936250216,0.0,0.0,3
3,901,8.838730940747123,0.0,0.0,3
3,902,11.327948522564544,0.0,0.0,3
3,903,21.158596961277222,0.0,0.0,3
3,904,7.5294575182746675,0.0,0.0,3
3,905,7.324658912510428,0.0,0.0,3
3,906,12.405929216954613,0.0,0.0,3
3,907,10.558163736574665,0.0,0.0,3
3,908,8.615586970884111,0.0,0.0,3
3,909,11.031601927374448,0.0,0.0,3
3,910,1.0090731013575047,0.0,0.0,3
3,911,6.2278205917486105,0.0,0.0,3
3,912,6.592679071345176,0.0,0.0,3
3,913,4.657170285767356,0.0,0.0,3
3,914,11.96266315927261,0.0,0.0,3
3,915,4.766918003469269,0.0,0.0,3
3,916,3.1039991164963454,0.0,0.0,3
3,917,3.1059256332879532,0.0,0.0,3
3,918,10.397715259552923,10.0,0.0,3
3,919,10.87675525651258,0.0,0.0,3
3,920,3.653579884528001,0.0,0.0,3
3,921,3.7746813565211927,0.0,0.0,3
3,922,10.654719265050018,0.0,0.0,3
3,923,4.2645209208062305,0.0,0.0,3
3,924,5.683539431764,0.0,0.0,3
3,925,6.082635713882204,0.0,0.0,3
3,926,14.395157135077437,0.0,0.0,3
3,927,15.18191371095734,0.0,0.0,3
3,928,11.36849380868313,0.0,0.0,3
3,929,12.732228301412293,0.0,0.0,3
3,930,1.4343437477074736,0.0,0.0,3
3,931,1.3724190709986015,0.0,0.0,3
3,932,20.907890505960367,0.0,0.0,3
3,933,13.87623844249117,0.0,0.0,3
3,934,13.378355118767436,0.0,0.0,3
3,935,4.466581205273383,0.0,0.0,3
3,936,2.9755329664397028,0.0,0.0,3
3,937,4.833163478844194,0.0,0.0,3
3,938,15.967151501483693,0.0,0.0,3
3,939,5.049126793640204,0.0,0.0,3
3,940,9.000931281048462,0.0,0.0,3
3,941,4.639993577137676,0.0,0.0,3
3,942,4.477228682828038,0.0,0.0,3
3,943,2.5228056509658896,0.0,0.0,3
3,944,3.39816660429813,0.0,0.0,3
3,945,3.970318817227597,0.0,0.0,3
3,946,2.742632729007401,0.0,0.0,3
3,947,2.927049708886797,0.0,0.0,3
3,948,19.246536152628924,0.0,0.0,3
3,949,20.947716681263305,0.0,0.0,3
3,950,7.3083504382702245,30.0,0.0,3
3,951,5.806065635523849,0.0,0.0,3
3,952,16.385123459746556,0.0,0.0,3
3,953,6.70354238027727,0.0,0.0,3
3,954,8.527988949038424,0.0,0.0,3
3,955,18.37511005594236,0.0,0.0,3
3,956,2.87885389108847,0.0,0.0,3
3,957,11.609415121419797,20.0,0.0,3
3,958,12.219301457490488,15.0,0.0,3
3,959,14.30841368797267,0.0,0.0,3
3,960,9.550072017674337,0.0,0.0,3
3,961,2.708250110942007,0.0,0.0,3
3,962,8.13686900812576,0.0,0.0,3
3,963,7.363250385771207,10.0,0.0,3
3,964,1.5408471773154089,0.0,0.0,3
3,965,7.460352844585585,0.0,0.0,3
3,966,13.320124732739725,0.0,0.0,3
3,967,5.3554586447238135,0.0,0.0,3
3,968,4.238460997523505,0.0,0.0,3
3,969,19.700494468430538,0.0,0.0,3
3,970,6.502329908016885,0.0,0.0,3
4,971,4.62858424385256,0.0,0.0,3
4,972,0.8527816073430493,0.0,0.0,3
4,973,11.215391263269806,0.0,0.0,3
4,974,7.138112458589148,0.0,0.0,3
4,975,3.5788538899192868,0.0,0.0,3
4,976,12.218969418681995,0.0,0.0,3
4,977,15.008689766118513,0.0,0.0,3
4,978,2.0042060199659066,0.0,0.0,3
4,979,12.577522361042062,0.0,0.0,3
4,980,2.9485205040583686,0.0,0.0,3
4,981,6.1891021494926655,0.0,0.0,3
4,982,1.881449489987098,0.0,0.0,3
4,983,7.246283344625682,0.0,0.0,3
4,984,3.7073627000184466,0.0,0.0,3
4,985,15.586256410675666,0.0,0.0,3
4,986,3.443070397019182,0.0,0.0,3
4,987,10.04750651427677,0.0,0.0,3
4,988,11.363150712331619,0.0,0.0,3
4,989,0.750053658054996,0.0,0.0,3
4,990,6.764952921787071,0.0,0.0,3
4,991,7.064942913081577,0.0,0.0,3
4,992,5.181084794938791,0.0,0.0,3
4,993,7.991950069571512,20.0,0.0,3
4,994,2.656316082028087,0.0,0.0,3
4,995,2.8620520252754402,0.0,0.0,3
4,996,10.957322650864532,0.0,0.0,3
4,997,11.65442083453552,0.0,0.0,3
4,998,4.606644879489597,0.0,0.0,3
4,999,2.943273301771604,0.0,0.0,3
4,1000,6.317809701309962,0.0,0.0,3
4,1001,0.9557400467706904,0.0,0.0,3
4,1002,13.060678393539613,0.0,0.0,3
4,1003,10.312257139440689,0.0,0.0,3
4,1004,11.177242632657546,0.0,0.0,3
4,1005,4.513766396886478,0.0,0.0,3
4,1006,8.948825823126661,0.0,0.0,3
4,1007,6.391817270184249,5.0,0.0,3
4,1008,5.379502037510498,0.0,0.0,3
4,1009,1.4108164427286856,0.0,0.0,3
4,1010,16.50018834310529,0.0,0.0,3
4,1011,1.1861812586937623,0.0,0.0,3
4,1012,2.193945339567756,0.0,0.0,3
4,1013,1.2495098298313418,0.0,0.0,3
4,1014,2.325704161822513,0.0,0.0,3
4,1015,6.098717594569173,0.0,0.0,3
4,1016,5.20087009851898,0.0,0.0,3
4,1017,3.8207959820180193,0.0,0.0,3
4,1018,2.6706884277347633,0.0,0.0,3
4,1019,2.6493547750675344,0.0,0.0,3
4,1020,3.1363173538900138,0.0,0.0,3
4,1021,10.269883662112356,5.0,0.0,3
4,1022,7.018795003250239,0.0,0.0,3
4,1023,6.7969105132774175,0.0,0.0,3
4,1024,11.331865437941559,0.0,0.0,3
4,1025,1.3992007170109042,10.0,0.0,3
4,1026,6.5084772319815976,0.0,0.0,3
4,1027,7.39510359350654,0.0,0.0,3
4,1028,6.250257007062076,0.0,0.0,3
4,1029,6.37011641146171,0.0,0.0,3
4,1030,1.2728295827386422,0.0,0.0,3
4,1031,4.035135551004824,0.0,0.0,3
4,1032,0.9569149879103368,0.0,0.0,3
4,1033,4.028944166739434,0.0,0.0,3
4,1034,1.359735610525645,0.0,0.0,3
4,1035,2.595082521063082,0.0,0.0,3
4,1036,1.3160932352103252,0.0,0.0,3
4,1037,1.5354022119198112,0.0,0.0,3
4,1038,2.938039993698623,0.0,0.0,3
4,1039,10.055872714509903,0.0,0.0,3
4,1040,10.181477129259177,0.0,0.0,3
4,1041,5.3656384922063305,0.0,0.0,3
4,1042,15.008731744999492,0.0,0.0,3
4,1043,4.648160922459935,0.0,0.0,3
4,1044,2.658135860889792,0.0,0.0,3
4,1045,7.224877471900348,0.0,0.0,3
4,1046,22.345345099917015,0.0,0.0,3
4,1047,7.286540957798057,0.0,5.0,3
4,1048,11.750123447140131,0.0,5.0,3
4,1049,4.295355187158278,0.0,5.0,3
4,1050,5.49506960476905,20.0,5.0,3
4,1051,8.048368936269304,0.0,5.0,3
4,1052,3.182691912283009,0.0,5.0,3
4,1053,3.2574500500836776,0.0,5.0,3
4,1054,4.826211625675785,0.0,5.0,3
4,1055,3.9020388590166677,5.0,5.0,3
4,1056,2.2046212896168433,0.0,5.0,3
4,1057,14.404247965869883,0.0,5.0,3
4,1058,5.146712632340686,0.0,5.0,3
4,1059,2.519308438797031,0.0,5.0,3
4,1060,3.418977758926377,0.0,5.0,3
4,1061,6.3540988968751035,0.0,5.0,3
4,1062,3.2246421760350645,0.0,5.0,3
4,1063,4.293314100905896,0.0,5.0,3
4,1064,5.143177785889909,0.0,5.0,3
4,1065,5.070209981684723,0.0,5.0,3
4,1066,3.736961699352614,0.0,5.0,3
4,1067,1.514869300262017,0.0,5.0,3
4,1068,1.8605292722558058,0.0,5.0,3
4,1069,5.851292210817911,0.0,5.0,3
4,1070,1.3071138657168555,0.0,5.0,3
4,1071,0.3073127412992631,0.0,5.0,3
4,1072,5.720884186121086,0.0,5.0,3
4,1073,3.235801926465809,0.0,10.0,3
4,1074,0.5329716752116155,0.0,10.0,3
4,1075,5.346764077785827,0.0,10.0,3
4,1076,1.8129525871465295,0.0,10.0,3
4,1077,5.234588000985889,0.0,10.0,3
4,1078,5.685564395334841,0.0,10.0,3
4,1079,1.5375785966635858,0.0,10.0,3
4,1080,4.119017747497087,0.0,10.0,3
4,1081,1.4916258144008652,0.0,10.0,3
4,1082,5.807277247200408,0.0,10.0,3
4,1083,3.5915634271416854,15.0,10.0,3
4,1084,4.936334988569682,0.0,10.0,3
4,1085,5.831960609698743,0.0,20.0,3
4,1086,6.636528755000708,0.0,20.0,3
4,1087,9.154557971377953,0.0,20.0,3
4,1088,3.782774343776433,0.0,20.0,3
4,1089,2.8888821738521973,30.0,20.0,3
4,1090,6.219394420624776,0.0,20.0,3
4,1091,2.9044675692465023,0.0,20.0,3
4,1092,6.329435398129438,0.0,20.0,3
4,1093,4.141580605564897,0.0,20.0,3
4,1094,0.5697449891036886,0.0,20.0,3
4,1095,1.0524025572300386,0.0,20.0,3
4,1096,1.6467143940048001,0.0,20.0,3
4,1097,4.735539691667159,0.0,20.0,3
4,1098,2.247125109934125,0.0,20.0,3
4,1099,1.5168726306740983,0.0,20.0,3
4,1100,3.075336474869657,0.0,20.0,3
4,1101,2.9701040975338686,0.0,20.0,3
4,1102,9.563580556983457,0.0,20.0,3
4,1103,2.2590360990591534,0.0,20.0,3
4,1104,3.8130461228308907,0.0,20.0,3
4,1105,1.3590664410719813,0.0,20.0,3
4,1106,5.546496684220654,0.0,20.0,3
4,1107,5.579896783684859,15.0,20.0,3
4,1108,0.8204835975418711,0.0,20.0,3
4,1109,3.6323101067739856,0.0,20.0,3
4,1110,4.071351575572659,0.0,20.0,3
4,1111,1.209416511631009,0.0,20.0,3
4,1112,14.061863251942588,0.0,20.0,3
4,1113,5.103747489633108,0.0,20.0,3
4,1114,3.2493535151331776,0.0,20.0,3
4,1115,7.311874122114437,0.0,20.0,3
4,1116,1.870003562909508,0.0,20.0,3
4,1117,3.018464594381718,0.0,20.0,3
4,1118,2.987968258798094,0.0,20.0,3
4,1119,1.666577592839778,0.0,20.0,3
4,1120,8.680011293101357,0.0,20.0,3
4,1121,6.9549611351766005,0.0,20.0,3
4,1122,12.181251772015608,0.0,20.0,3
4,1123,1.7592923159322502,0.0,20.0,3
4,1124,0.786821167185336,0.0,20.0,3
4,1125,3.987994882506258,0.0,20.0,3
4,1126,11.213531615562255,0.0,20.0,3
4,1127,3.8829775521477683,0.0,20.0,3
4,1128,2.6426040514703755,0.0,20.0,3
4,1129,3.5999970617064116,0.0,20.0,3
4,1130,3.525004838521282,0.0,20.0,3
4,1131,5.258958984769045,0.0,20.0,3
4,1132,4.707984437165201,0.0,20.0,3
4,1133,10.842339703008793,0.0,20.0,3
4,1134,2.3943577875050863,0.0,20.0,3
4,1135,5.882401553718812,0.0,20.0,3
4,1136,2.2885277766638197,0.0,20.0,3
4,1137,7.798867026298341,0.0,20.0,3
4,1138,3.3041532302660617,0.0,20.0,3
4,1139,2.931538401422742,0.0,20.0,3
4,1140,10.046291025361935,0.0,20.0,3
4,1141,3.9237071591575394,0.0,25.0,3
4,1142,1.6726116603137546,0.0,25.0,3
4,1143,4.656620969502411,0.0,25.0,3
4,1144,9.625823397441568,10.0,25.0,3
4,1145,3.9202125456118697,0.0,25.0,3
4,1146,6.224663679629138,0.0,25.0,3
4,1147,3.720599702160315,0.0,25.0,3
4,1148,3.7165317297181866,0.0,25.0,3
4,1149,5.676463351373587,0.0,25.0,3
4,1150,4.034856686729525,0.0,25.0,3
4,1151,19.575622810930316,0.0,25.0,3
4,1152,4.0756966657382385,0.0,25.0,3
4,1153,2.1866847372505718,0.0,25.0,3
4,1154,2.345973475757105,0.0,25.0,3
4,1155,0.3639507625667365,0.0,35.0,3
4,1156,2.93377572431924,0.0,35.0,3
4,1157,3.4281427246472904,0.0,35.0,3
4,1158,3.8693660824822014,0.0,35.0,3
4,1159,7.849391208732527,0.0,35.0,3
4,1160,2.0083042535278457,0.0,35.0,3
4,1161,0.8599631245149052,0.0,35.0,3
4,1162,5.633065831597442,0.0,35.0,3
4,1163,3.643149581960244,0.0,35.0,3
4,1164,9.454410455222291,0.0,35.0,3
4,1165,4.058082526573318,0.0,35.0,3
4,1166,2.6962683402932766,0.0,35.0,3
4,1167,3.959283703484116,0.0,35.0,3
4,1168,2.484151813726687,0.0,35.0,3
4,1169,4.5817031813095,0.0,35.0,3
4,1170,0.7369961681866263,0.0,35.0,3
4,1171,3.8005493753110087,0.0,35.0,3
4,1172,10.252740656988529,0.0,35.0,3
4,1173,1.6777208101963201,0.0,35.0,3
4,1174,1.8656183095415126,0.0,35.0,3
4,1175,3.136314564877333,0.0,35.0,3
4,1176,6.73810614231602,0.0,35.0,3
4,1177,9.938914824399587,0.0,35.0,3
4,1178,1.2921205881232292,0.0,35.0,3
4,1179,14.513994112375327,0.0,35.0,3
4,1180,4.171986113512453,0.0,35.0,3
4,1181,4.002081449244516,0.0,35.0,3
4,1182,2.4483802759355684,0.0,35.0,3
4,1183,4.084665197041647,0.0,35.0,3
4,1184,4.66733560675507,0.0,35.0,3
4,1185,2.337620108973377,0.0,35.0,3
4,1186,3.1794870795383194,0.0,35.0,3
4,1187,1.3561759227374157,0.0,35.0,3
4,1188,1.50015241255746,0.0,35.0,3
4,1189,0.7245470455963847,0.0,35.0,3
4,1190,3.638573209764863,0.0,35.0,3
4,1191,2.5342858683892824,0.0,35.0,3
5,1192,1.5290152097274154,0.0,0.0,3
5,1193,5.32216757936831,0.0,0.0,3
5,1194,7.780834399852675,0.0,0.0,3
5,1195,3.6898673620495024,0.0,0.0,3
5,1196,3.201459458132606,0.0,0.0,3
5,1197,6.850031648688779,0.0,0.0,3
5,1198,3.6726002304785226,0.0,0.0,3
5,1199,6.496913992397636,0.0,0.0,3
5,1200,2.2649982897930783,0.0,0.0,3
5,1201,5.988538675422169,0.0,0.0,3
5,1202,1.8396908195310795,0.0,0.0,3
5,1203,4.96089685942486,0.0,0.0,3
5,1204,2.705592906266587,0.0,0.0,3
5,1205,8.168275344006757,0.0,0.0,3
5,1206,6.778750812286781,0.0,0.0,3
5,1207,3.753731165760489,0.0,0.0,3
5,1208,1.7977042940658545,0.0,0.0,3
5,1209,3.5163286143332724,0.0,0.0,3
5,1210,6.533212952718668,0.0,0.0,3
5,1211,1.7563101892969921,0.0,0.0,3
5,1212,1.1380646588360366,0.0,0.0,3
5,1213,1.7980127489253739,0.0,0.0,3
5,1214,2.2903065652235033,0.0,0.0,3
5,1215,2.3668395604504613,0.0,0.0,3
5,1216,1.3075594692014232,0.0,0.0,3
5,1217,1.4744742383579386,0.0,0.0,3
5,1218,2.7284161057875718,0.0,0.0,3
5,1219,1.275205861208191,0.0,0.0,3
5,1220,2.638986045202671,0.0,0.0,3
5,1221,0.3419438402111241,0.0,0.0,3
5,1222,1.92769010455945,0.0,0.0,3
5,1223,8.292705293890224,0.0,0.0,3
5,1224,5.635256218258213,0.0,0.0,3
5,1225,3.457493308609889,0.0,0.0,3
5,1226,2.1106194599407795,0.0,0.0,3
5,1227,8.634401827595077,0.0,0.0,3
5,1228,2.2940755925477974,0.0,0.0,3
5,1229,2.4104097935189497,0.0,0.0,3
5,1230,1.548853857825146,0.0,0.0,3
5,1231,1.9290997950226731,0.0,0.0,3
5,1232,2.323051037960923,0.0,0.0,3
5,1233,3.6470827457693136,0.0,0.0,3
5,1234,4.843163267798291,20.0,0.0,3
5,1235,4.292815687279606,0.0,0.0,3
5,1236,3.1958674095831854,0.0,0.0,3
5,1237,2.3058501868787737,0.0,0.0,3
5,1238,3.6387924680743513,0.0,0.0,3
5,1239,1.3945623500802935,0.0,0.0,3
5,1240,1.6971076503815883,0.0,0.0,3
5,1241,0.921739569020969,0.0,0.0,3
5,1242,1.8841982948557268,0.0,0.0,3
5,1243,1.5640631107665375,0.0,0.0,3
5,1244,2.4433284546677116,0.0,0.0,3
5,1245,8.505756360544249,0.0,0.0,3
5,1246,5.811922419280695,0.0,0.0,3
5,1247,8.732840795696218,0.0,0.0,3
5,1248,6.236447306152193,0.0,0.0,3
5,1249,1.0374862051770235,0.0,0.0,3
5,1250,1.9461509219628295,0.0,0.0,3
5,1251,3.2098122535285625,0.0,0.0,3
5,1252,5.392333384670089,0.0,0.0,3
5,1253,1.495660350027399,0.0,0.0,3
5,1254,1.745915637792237,0.0,0.0,3
5,1255,4.053226952682774,0.0,0.0,3
5,1256,2.1376423659281065,0.0,0.0,3
5,1257,0.9428534947556905,0.0,0.0,3
5,1258,3.5675620870749025,0.0,0.0,3
5,1259,7.139477880409726,0.0,0.0,3
5,1260,2.9189560342950385,0.0,0.0,3
5,1261,4.339035817831747,0.0,0.0,3
5,1262,0.27685069855946365,0.0,0.0,3
5,1263,5.1841937091707875,0.0,0.0,3
5,1264,3.4820032081723307,0.0,0.0,3
5,1265,1.2733699507323206,0.0,0.0,3
5,1266,1.8200833745311515,0.0,0.0,3
5,1267,6.3419492049530355,0.0,0.0,3
5,1268,3.383164123701298,10.0,0.0,3
5,1269,4.465458184692142,0.0,0.0,3
5,1270,1.6102788684398395,0.0,0.0,3
5,1271,3.5508826049967905,0.0,0.0,3
5,1272,4.256653747005667,0.0,0.0,3
5,1273,1.207873302801929,0.0,0.0,3
5,1274,1.9965854803851197,0.0,0.0,3
5,1275,3.086662788825031,0.0,0.0,3
5,1276,3.957248999974278,0.0,0.0,3
5,1277,2.4378538694970375,0.0,0.0,3
5,1278,3.431855637394266,0.0,0.0,3
5,1279,2.256428475871546,0.0,0.0,3
5,1280,1.0743374631840727,0.0,0.0,3
5,1281,2.0603853860112857,0.0,0.0,3
5,1282,2.89548774040856,0.0,0.0,3
5,1283,2.115185056563467,0.0,0.0,3
5,1284,2.8680388188424275,0.0,0.0,3
5,1285,3.1846776860226464,0.0,0.0,3
5,1286,1.5103141393252055,0.0,0.0,3
5,1287,1.5319431567220865,0.0,0.0,3
5,1288,1.9224631905727483,0.0,0.0,3
5,1289,1.1006970517709875,0.0,0.0,3
5,1290,1.074727864060079,0.0,0.0,3
5,1291,0.6972864285056669,0.0,0.0,3
5,1292,3.3572055342138096,0.0,0.0,3
5,1293,0.2870759714448185,0.0,5.0,3
5,1294,2.209078305707699,0.0,5.0,3
5,1295,0.8217718563558001,0.0,5.0,3
5,1296,1.332716657737991,0.0,5.0,3
5,1297,2.151609694825323,0.0,5.0,3
5,1298,1.8319171056402679,0.0,5.0,3
5,1299,12.550623723474997,0.0,5.0,3
5,1300,2.357069874821869,0.0,5.0,3
5,1301,6.875220183727611,0.0,5.0,3
5,1302,2.5194688249375417,0.0,5.0,3
5,1303,2.437498381071098,0.0,5.0,3
5,1304,2.3613147862929424,0.0,5.0,3
5,1305,1.6694348308046838,0.0,5.0,3
5,1306,8.465269856189627,0.0,5.0,3
5,1307,81.51367617289874,0.0,5.0,3
5,1308,0.9226889115888068,0.0,5.0,3
5,1309,3.513867266038021,0.0,5.0,3
6,1310,2.351739888317264,0.0,0.0,3
6,1311,4.48820542466095,0.0,0.0,3
6,1312,0.49670998540420724,0.0,0.0,3
6,1313,1.0893632174370778,0.0,0.0,3
6,1314,3.06480367832066,0.0,0.0,3
6,1315,11.232427208763065,0.0,0.0,3
6,1316,0.33726949163026015,0.0,0.0,3
6,1317,1.8112315508154468,0.0,0.0,3
6,1318,4.836196142403086,0.0,0.0,3
6,1319,2.754528220746637,0.0,0.0,3
6,1320,0.7844812096572461,0.0,0.0,3
6,1321,3.7735205207850555,0.0,0.0,3
6,1322,5.38317536165384,0.0,0.0,3
6,1323,3.3446649432893487,0.0,0.0,3
6,1324,3.3188084784353227,0.0,0.0,3
6,1325,3.0575144495369906,0.0,0.0,3
6,1326,0.45387569761841434,0.0,0.0,3
6,1327,17.8405523007902,0.0,0.0,3
6,1328,4.081021529148133,0.0,0.0,3
6,1329,5.8430793873201825,0.0,0.0,3
6,1330,0.4393289895006328,0.0,0.0,3
6,1331,0.7681038752141646,0.0,0.0,3
6,1332,5.378880718824377,0.0,0.0,3
6,1333,0.8762738029435534,0.0,0.0,3
6,1334,8.040215078201784,0.0,0.0,3
6,1335,7.177290588008636,0.0,0.0,3
6,1336,1.7539832307747774,0.0,0.0,3
6,1337,1.087283071441084,0.0,0.0,3
6,1338,3.004822857065974,0.0,0.0,3
6,1339,1.334346534814263,0.0,0.0,3
6,1340,2.7952516520632327,0.0,0.0,3
6,1341,0.7033555033021056,0.0,0.0,3
7,1342,6.38206976677133,0.0,0.0,3
7,1343,0.9511503526103171,0.0,0.0,3
7,1344,1.1877220237883201,0.0,0.0,3
7,1345,2.40182682265176,0.0,0.0,3
7,1346,1.77906042162688,0.0,0.0,3
7,1347,3.000948662307921,0.0,0.0,3
7,1348,1.32997920625023,0.0,0.0,3
7,1349,3.68182518328075,0.0,0.0,3
7,1350,1.252489903080802,0.0,0.0,3
7,1351,0.908524619014893,0.0,0.0,3
7,1352,0.5754850277032931,0.0,0.0,3
7,1353,1.1099331442032756,0.0,0.0,3
7,1354,0.5769348875825949,0.0,0.0,3
7,1355,1.6862416169650796,0.0,0.0,3
7,1356,1.1139931661889457,0.0,0.0,3
7,1357,1.926411995463863,0.0,0.0,3
7,1358,0.9096217115238391,0.0,0.0,3
7,1359,3.238716449998734,0.0,0.0,3
7,1360,2.488825218016698,0.0,0.0,3
7,1361,0.09043322214034338,0.0,0.0,3
7,1362,3.078264483094607,0.0,0.0,3
7,1363,0.6681746774100351,0.0,0.0,3
7,1364,2.2948428551931386,0.0,0.0,3
7,1365,0.9422799869676284,0.0,0.0,3
7,1366,4.515579230767405,10.0,0.0,3
7,1367,6.130767873269977,0.0,0.0,3
7,1368,0.790851322924892,0.0,0.0,3
7,1369,1.8767816070834848,0.0,0.0,3
7,1370,1.2456433456584424,0.0,0.0,3
7,1371,6.0388429578272635,0.0,0.0,3
7,1372,3.3861128817202704,0.0,0.0,3
7,1373,5.45606662224065,0.0,0.0,3
7,1374,0.6914593196549832,0.0,0.0,3
7,1375,0.8880491908567487,0.0,0.0,3
7,1376,1.8946256724705643,0.0,0.0,3
7,1377,1.3052160471427168,0.0,0.0,3
7,1378,0.2064280701828749,0.0,0.0,3
7,1379,3.1553820308748013,0.0,0.0,3
7,1380,3.483131338632711,0.0,0.0,3
7,1381,0.8980202362379507,0.0,0.0,3
7,1382,2.068443323386477,0.0,0.0,3
7,1383,3.8317581995740833,0.0,0.0,3
7,1384,1.9086535298444636,0.0,0.0,3
7,1385,2.1981652322095435,0.0,0.0,3
7,1386,0.8361538075495714,0.0,0.0,3
7,1387,3.0028801482795076,0.0,0.0,3
7,1388,3.0615859873466356,0.0,0.0,3
7,1389,2.4305568926127568,0.0,0.0,3
7,1390,0.8713991885202413,0.0,0.0,3
7,1391,2.9079406574954394,5.0,0.0,3
7,1392,3.618670716399737,0.0,0.0,3
7,1393,3.8076140368803784,0.0,5.0,3
7,1394,0.9350464804459996,0.0,5.0,3
7,1395,4.443657529979402,0.0,5.0,3
7,1396,1.083846944134505,0.0,5.0,3
7,1397,5.415215646636816,0.0,5.0,3
7,1398,1.422066455137366,0.0,5.0,3
7,1399,3.3392659540924665,0.0,5.0,3
7,1400,2.2587118702389617,0.0,5.0,3
7,1401,3.599154049209668,0.0,5.0,3
7,1402,3.7781823966963217,0.0,5.0,3
7,1403,2.157631426735451,0.0,5.0,3
7,1404,2.339856712121901,0.0,5.0,3
7,1405,2.460048156449757,0.0,5.0,3
7,1406,3.4306890057221966,0.0,5.0,3
7,1407,3.814475985672345,0.0,5.0,3
7,1408,2.3518887049351687,0.0,5.0,3
7,1409,1.8780226863093756,0.0,5.0,3
7,1410,10.03915477463777,0.0,5.0,3
7,1411,3.38830651828832,0.0,5.0,3
7,1412,2.868381584015441,0.0,5.0,3
7,1413,1.5772209308093401,0.0,5.0,3
7,1414,1.5702223314422148,0.0,5.0,3
7,1415,0.2881256698253627,0.0,5.0,3
7,1416,6.639662444752748,0.0,5.0,3
7,1417,2.3751768194909806,0.0,5.0,3
7,1418,3.3500819930049386,0.0,5.0,3
7,1419,1.7360988723384763,0.0,5.0,3
7,1420,9.673179894151128,0.0,5.0,3
7,1421,0.7930393189249108,0.0,5.0,3
7,1422,0.557873628664641,0.0,5.0,3
7,1423,3.0575413807840133,0.0,5.0,3
7,1424,1.7925070284507347,0.0,5.0,3
7,1425,4.438558667939567,0.0,5.0,3
7,1426,0.6448710354470253,0.0,5.0,3
7,1427,1.2199130294859637,0.0,5.0,3
7,1428,1.7659693326521104,0.0,5.0,3
7,1429,8.672444913829331,0.0,5.0,3
7,1430,4.159245944248246,0.0,5.0,3
7,1431,2.199877112690302,0.0,5.0,3
7,1432,0.4133163195792755,0.0,5.0,3
7,1433,6.288225432133069,0.0,5.0,3
7,1434,1.7793084055372725,0.0,5.0,3
7,1435,0.7640519050082323,0.0,5.0,3
7,1436,0.4852975019366506,0.0,5.0,3
7,1437,1.1985100185723863,0.0,10.0,3
7,1438,7.454805955582074,0.0,10.0,3
7,1439,0.42109858114618337,0.0,10.0,3
7,1440,0.6977927374162087,0.0,10.0,3
7,1441,0.514957721039982,0.0,10.0,3
7,1442,6.5898667811951945,0.0,10.0,3
7,1443,4.21911860826527,0.0,10.0,3
7,1444,2.154574788353029,0.0,10.0,3
7,1445,2.2710306935572464,0.0,10.0,3
7,1446,2.1358559772232186,0.0,10.0,3
7,1447,1.4395656419851564,0.0,10.0,3
7,1448,6.025771807505396,0.0,10.0,3
7,1449,1.746950938096145,0.0,10.0,3
7,1450,0.7142048437858356,0.0,10.0,3
7,1451,2.4739882183879964,15.0,10.0,3
7,1452,1.5205559821787178,0.0,10.0,3
7,1453,1.6574623831792534,0.0,10.0,3
7,1454,3.134838949154728,0.0,10.0,3
7,1455,1.3238002029596858,0.0,10.0,3
7,1456,3.6067746585358513,0.0,10.0,3
7,1457,2.592522029886061,0.0,10.0,3
7,1458,1.0321642580589354,0.0,10.0,3
7,1459,2.2792691045402864,0.0,10.0,3
7,1460,2.198570366508701,0.0,10.0,3
7,1461,1.9285821793438427,0.0,10.0,3
7,1462,3.887615478119557,0.0,10.0,3
7,1463,1.5336997005343007,0.0,10.0,3
7,1464,1.8798737961502219,0.0,10.0,3
7,1465,2.127424787294484,0.0,10.0,3
7,1466,1.2429471456399128,0.0,10.0,3
7,1467,2.3612915035222954,20.0,10.0,3
7,1468,3.3615373450893173,0.0,10.0,3
7,1469,0.6391861185699877,0.0,10.0,3
7,1470,2.331425240677172,0.0,10.0,3
7,1471,2.108708028266357,0.0,10.0,3
7,1472,0.5497590966301084,0.0,10.0,3
7,1473,5.430442440397785,0.0,10.0,3
7,1474,1.5432954387169788,0.0,10.0,3
7,1475,1.0393949106521532,0.0,10.0,3
7,1476,0.5544237745857716,0.0,10.0,3
7,1477,2.2330971350984252,0.0,10.0,3
7,1478,4.72095592331314,0.0,10.0,3
7,1479,1.8426339300329706,0.0,10.0,3
7,1480,0.35910024665262447,0.0,10.0,3
7,1481,1.316279745693449,20.0,10.0,3
7,1482,1.2568569505623262,0.0,10.0,3
7,1483,0.5986617403825973,0.0,10.0,3
7,1484,0.9937350934433784,0.0,10.0,3
7,1485,1.0923373883338319,0.0,10.0,3
